Asset_ID,area_ha,BUFF_DIST,mean_rh100,mean_L4A_agbd,mean_L4A_agbd_se,mean_L2B_cover,mean_L2B_pai,mean_L4A_carbono_mgha,Point_Count
1,841.205834,25,4.963529412,11.88914156,17.13841988,0.023891804,0.049206114,5.587896518,17
2,26.61711,25,4.275,12.334412,17.1389785,0.080077205,0.16702609,5.7971737,2
3,103.703223,25,7.796666667,27.33172167,17.134382,0.434283623,1.742366027,12.8459088,3
4,5.86617,25,4.59,12.673043,17.138199,0.073441215,0.15257065,5.9563303,1
5,116.975614,25,5.378823529,14.59775679,17.137657,0.142966143,0.44912417,6.860945735,17
6,248.231243,25,4.639032258,9.080591884,13.94638968,0.015486183,0.031527177,4.267878157,31
7,235.564255,25,4.551428571,12.17209757,17.13891414,0.0782482,0.164719961,5.720885886,7
8,299.376863,25,6.256666667,20.75005,17.136477,0.327833205,1.2930461,9.75252355,6
